COALINDIA,A
BEL,B
GAIL,C
MOTHERSON,D
ZOMATO,E
NYKAA,F
NMDC,G
BHEL,H
BIOCON,I
MSUMI,J
DEVYANI,K
IEX,L
CASTROLIND,M
KIOCL,N
NSLNISP,O
HINDCOPPER,P
EIHOTEL,Q
JSWENERGY,R
PETRONET,S
ZEEL,T
NATIONALUM,U
HFCL,V
ITI,W
FSL,X
EASEMYTRIP,Y
JYOTHYLAB,Z
BLS,1
NBCC,2
SPARC,3
PRSMJOHNSN,3
TV18BRDCST,4
GSFC,5
STARCEMENT,6
RBA,7
ANANTRAJ,8
PCBL,9
GMDCLTD,10
ENGINERSIN,11
JAMNAAUTO,12
JWL,13
GMRINFRA,14
POWERGRID,15
AMEYA-SM,16
NTPC,17
TATAPOWER,18
TATASTEEL,19
KELLTONTEC,20
MINDPOOL-SM,21
RVNL,22
IRCON,23
TRIDENT,24
WELSPUNIND,25
GREAVESCOT,26
MANINFRA,27
MOIL,28
GATEWAY,29
THOMASCOOK,30
JTEKTINDIA,31
HBLPOWER,32
HEMIPROP,33
GRAUWEIL,34
ORIENTCEM,35
SADHNANIQ,36
TI,37
NAVNETEDUL,38
BBOX,39
ISMTLTD,40
GENUSPOWER,50
ITDCEM,51
DBCORP,52
BALMLAWRIE,53
BEPL,54
SEQUENT,55
DWARKESH,56
ORIENTHOT,57
CONFIPET,58
ALEMBICLTD,59
ANDHRSUGAR,60
GOLDIAM,61
GATI,62
GOKULAGRO,63
SHALBY,64